Model,R2 Score,MAE,MSE,RMSE
XGBoost,0.5939466431006601,0.08207224901162806,0.01071434890436757,0.10351013913799735
Random Forest,0.5847871633510999,0.08279258806820888,0.010956036013097976,0.10467108489500802
KNN,0.5168016063549069,0.09042788307938641,0.012749940596666178,0.11291563486367234
