Model,R2 Score,MAE,MSE,RMSE
XGBoost,0.5885726749198912,0.0827196773280295,0.010825770150129161,0.10404696127292311
Random Forest,0.5739854675228109,0.08422383157215116,0.011209599188179336,0.10587539463057191
KNN,0.17522665846839147,0.11782018474662746,0.021702026280429103,0.1473160761099382
